,date,ad,ad_type,primed,browser_size,dist,Air Travel,Eyewear,Food and Drinks,Headphones,Men's Fashion,None of the above,None of these products,Soda,TV Shows,Women's Fashion,Do you use ad blocking software on your computer?,How relevant was the ad to you?,Do you generally find that ads are relevant to you?,How important is it to you that ads help you find products you are interested in?,Did the ad you saw help you find a product you are interested in?,Do you think this ad technology can reliably help you find products you are interested in?,Do you have a smart phone?,How often do you make purchases using your mobile phone?,How often do you make purchases using your computer?,What is your age?,What is your gender?,What type of environment do you most identify with?
4649310150983680,2017-02-13 20:52:25.05331 UTC,Air Travel,old,True,"1280,726",3163.7447232824043,True,False,False,False,False,False,False,False,False,False,Yes,3,2,1,2,1,Yes,Never,Often (monthly),25-30 years old,Male,Urban
4654283186241536,2017-02-15 11:28:03.69447 UTC,Food and Drinks,old,True,"1680,920",1174.3454729279847,False,False,True,False,False,False,False,False,True,False,No,3,3,4,1,2,Yes,Sometimes (every 2-3 months),Sometimes (every 2-3 months),31-40 years old,Male,Urban
4664229256757248,2017-02-14 14:15:50.19995 UTC,Food and Drinks,new,True,"414,628",0.0,True,False,True,False,False,False,False,False,True,False,Yes,2,3,2,1,2,Yes,Very often (weekly),Sometimes (every 2-3 months),25-30 years old,Male,Urban
4679086353940480,2017-02-16 20:46:40.06974 UTC,Food and Drinks,new,True,"1536,760",5283.029229653765,True,False,True,False,False,False,False,False,True,False,Yes,1,3,4,1,5,Yes,Very often (weekly),Very often (weekly),25-30 years old,Female,Rural
4687586899525632,2017-02-13 20:55:45.72424 UTC,Air Travel,new,False,"375,559",0.0,True,False,True,False,False,False,False,False,False,False,Yes,3,2,4,3,2,Yes,Very often (weekly),Very often (weekly),31-40 years old,Male,Urban
4690910667341824,2017-02-14 20:25:36.24748 UTC,Food and Drinks,old,True,"1366,676",743.0977168080329,False,False,True,False,False,False,False,False,True,False,No,1,3,3,1,3,Yes,Never,Often (monthly),31-40 years old,Female,Urban
4729000584806400,2017-02-14 14:42:56.65601 UTC,TV Shows,new,True,"1280,872",2441.500779707655,False,False,True,False,False,False,False,False,True,False,Yes,3,3,2,2,3,Yes,Never,Very often (weekly),31-40 years old,Female,Urban
4744919612653568,2017-02-14 03:27:28.99536 UTC,Air Travel,old,False,"1280,703",2555.0472099264775,True,False,True,False,False,False,False,False,True,False,Yes,3,3,5,3,3,Yes,Often (monthly),Often (monthly),18-24 years old,Male,Urban
4785074604081152,2017-02-13 20:04:36.45358 UTC,Air Travel,new,False,"1366,650",2329.6074176275533,True,False,True,False,False,False,False,False,False,False,Yes,2,2,1,1,1,Yes,Often (monthly),Often (monthly),31-40 years old,Male,Urban
4787561121710080,2017-02-13 19:58:18.85169 UTC,Air Travel,new,True,"1280,592",1188.9034930939085,True,False,True,False,False,False,False,False,True,False,No,2,2,1,4,4,Yes,Rarely (less than twice a year),Sometimes (every 2-3 months),25-30 years old,Male,Urban
4790047639339008,2017-02-13 06:23:34.57737 UTC,Air Travel,old,False,"1600,770",3277.5037782438517,True,False,True,False,False,False,False,False,True,False,No,3,3,4,3,4,Yes,Often (monthly),Very often (weekly),18-24 years old,Male,Urban
4795020674596864,2017-02-13 09:59:00.98273 UTC,TV Shows,new,False,"1220,612",915.7289315554863,False,False,True,False,False,False,False,False,True,False,Yes,2,2,3,2,2,Yes,Sometimes (every 2-3 months),Often (monthly),18-24 years old,Male,Urban
4799981630259200,2017-02-13 06:53:16.64307 UTC,Air Travel,new,True,"1354,658",992.0154641479091,True,False,True,False,False,False,False,False,True,False,Yes,1,3,2,1,2,Yes,Rarely (less than twice a year),Never,40+ years old,Female,Urban
4809889046069248,2017-02-14 06:23:12.47723 UTC,TV Shows,new,False,"1366,631",4670.932395248343,False,False,True,False,False,False,False,False,True,False,No,2,3,3,1,4,Yes,Never,Sometimes (every 2-3 months),25-30 years old,Male,Urban
4814888656437248,2017-02-13 07:06:26.30289 UTC,TV Shows,new,False,"360,518",0.0,False,False,True,False,False,False,False,False,True,False,No,3,3,3,1,4,Yes,Sometimes (every 2-3 months),Sometimes (every 2-3 months),31-40 years old,Female,Urban
4819823842295808,2017-02-13 14:26:15.21798 UTC,TV Shows,new,False,"1280,594",3176.9445990963195,False,False,True,False,False,False,False,False,True,False,Yes,1,2,4,1,1,Yes,Never,Often (monthly),40+ years old,Female,Urban
4828324387880960,2017-02-13 13:02:39.66688 UTC,Air Travel,new,True,"1920,1076",3013.6138000527667,True,False,True,False,False,False,False,False,True,False,No,4,2,4,4,3,Yes,Very often (weekly),Very often (weekly),25-30 years old,Male,Rural
4831648155697152,2017-02-13 04:37:40.97968 UTC,Air Travel,new,False,"1366,638",9792.811153260955,True,False,True,False,False,False,False,False,True,False,No,5,3,5,4,5,Yes,Rarely (less than twice a year),Sometimes (every 2-3 months),40+ years old,Female,Urban
4838192612114432,2017-02-14 01:03:51.9445 UTC,Air Travel,old,True,"1920,943",1993.563838768366,True,False,True,False,False,False,False,False,True,False,No,3,3,4,3,3,Yes,Sometimes (every 2-3 months),Often (monthly),31-40 years old,Female,Urban
4848037214027776,2017-02-13 12:28:50.66276 UTC,TV Shows,old,False,"1280,934",6297.02346349564,True,False,False,False,False,False,False,False,True,False,No,3,3,3,4,2,Yes,Sometimes (every 2-3 months),Sometimes (every 2-3 months),31-40 years old,Male,Rural
4852998169690112,2017-02-13 21:09:00.83051 UTC,Air Travel,new,False,"1280,542",2624.9101582751146,True,False,True,False,False,False,False,False,True,False,Yes,4,4,1,1,1,Yes,Sometimes (every 2-3 months),Very often (weekly),31-40 years old,Male,Urban
4855880898052096,2017-02-13 22:58:37.08968 UTC,TV Shows,old,False,"1152,635",2666.354231727652,False,False,True,False,False,False,False,False,True,False,No,1,3,3,1,1,No,Never,Often (monthly),40+ years old,Female,Rural
4869738073161728,2017-02-13 20:02:52.87281 UTC,Air Travel,new,True,"1280,591",3090.8205527810933,True,False,True,False,False,False,False,False,False,False,Yes,3,2,3,4,5,Yes,Never,Very often (weekly),25-30 years old,Female,Urban
4871574171680768,2017-02-13 22:57:42.42052 UTC,TV Shows,new,False,"1500,846",2720.1451000982684,True,False,True,False,False,False,False,False,True,False,No,3,2,2,2,3,Yes,Rarely (less than twice a year),Often (monthly),31-40 years old,Male,Urban
4878221707313152,2017-02-14 04:13:21.65187 UTC,Air Travel,new,False,"375,559",0.0,True,False,True,False,False,False,False,False,True,False,What is ad blocking software?,1,2,1,1,3,Yes,Often (monthly),Often (monthly),25-30 years old,Female,Urban
4885657101008896,2017-02-13 06:14:23.80895 UTC,TV Shows,old,True,"1366,638",5250.918022423684,False,False,False,False,False,False,False,False,True,False,Yes,3,3,3,3,2,Yes,Sometimes (every 2-3 months),Often (monthly),25-30 years old,Male,Urban
4888143618637824,2017-02-13 15:52:35.06966 UTC,TV Shows,new,False,"1661,970",4833.572139306674,True,False,True,False,False,False,False,False,True,False,No,1,3,3,1,4,Yes,Sometimes (every 2-3 months),Often (monthly),40+ years old,Male,Rural
4894982280314880,2017-02-13 19:19:12.69463 UTC,TV Shows,old,False,"1366,662",2869.592321580084,False,False,True,False,False,False,False,False,True,False,No,4,3,3,5,4,Yes,Often (monthly),Very often (weekly),18-24 years old,Female,Rural
4916395376640000,2017-02-13 13:14:25.0801 UTC,TV Shows,new,True,"1366,622",1877.1521556987873,True,False,True,False,False,False,False,False,True,False,Yes,1,3,5,1,1,Yes,Sometimes (every 2-3 months),Very often (weekly),40+ years old,Female,Urban
4924590711111680,2017-02-14 02:02:25.51905 UTC,TV Shows,new,False,"414,628",0.0,True,False,True,False,False,False,False,False,True,False,No,1,1,1,1,1,Yes,Rarely (less than twice a year),Very often (weekly),25-30 years old,Female,Urban
4930785127694336,2017-02-14 05:47:25.29351 UTC,TV Shows,new,False,"1600,813",3762.3821699700443,True,False,True,False,False,False,False,False,True,False,Yes,4,3,4,2,4,Yes,Sometimes (every 2-3 months),Often (monthly),25-30 years old,Female,Rural
5026394589364224,2017-02-15 19:19:57.74303 UTC,Food and Drinks,old,False,"1440,780",3648.12256209361,True,False,True,False,False,False,False,False,True,False,Yes,3,4,1,3,2,Yes,Sometimes (every 2-3 months),Sometimes (every 2-3 months),18-24 years old,Male,Urban
5066549580791808,2017-02-13 03:24:35.0378 UTC,Air Travel,new,True,"1366,651",5482.916537631161,True,False,True,False,False,False,False,False,True,False,No,2,3,4,2,3,Yes,Sometimes (every 2-3 months),Often (monthly),40+ years old,Male,Urban
5069036098420736,2017-02-13 03:28:44.95363 UTC,TV Shows,new,True,"1210,699",4582.067056708742,True,False,True,False,False,False,False,False,True,False,Yes,2,3,3,4,3,Yes,Sometimes (every 2-3 months),Often (monthly),31-40 years old,Male,Urban
5071522616049664,2017-02-13 03:27:21.2234 UTC,TV Shows,old,False,"1366,625",5205.987223068222,True,False,True,False,False,False,False,False,True,False,Yes,3,3,3,1,3,Yes,Sometimes (every 2-3 months),Sometimes (every 2-3 months),31-40 years old,Female,Rural
5076495651307520,2017-02-13 02:50:04.18976 UTC,TV Shows,new,True,"1366,691",1911.0078109181422,False,False,False,False,False,False,False,False,True,False,No,1,3,4,1,3,Yes,Rarely (less than twice a year),Very often (weekly),40+ years old,Male,Urban
5079604133888000,2017-02-13 19:27:27.21743 UTC,Air Travel,new,True,"1600,794",2505.6562828475653,True,False,True,False,False,False,False,False,False,False,No,4,3,3,4,4,Yes,Sometimes (every 2-3 months),Very often (weekly),31-40 years old,Female,Urban
5086441721823232,2017-02-13 02:46:04.04797 UTC,Food and Drinks,old,True,"1600,765",688.6091860516668,True,False,True,False,False,False,False,False,False,False,Yes,3,2,2,2,3,Yes,Rarely (less than twice a year),Very often (weekly),31-40 years old,Male,Urban
5088174472691712,2017-02-15 23:33:59.05102 UTC,Air Travel,old,False,"1280,591",1599.1234255486038,True,False,True,False,False,False,False,False,False,False,No,1,1,1,1,1,Yes,Rarely (less than twice a year),Very often (weekly),25-30 years old,Male,Urban
5089836356599808,2017-02-13 04:05:46.36132 UTC,Air Travel,new,False,"1920,950",4590.57208873741,True,False,True,False,False,False,False,False,True,False,Yes,2,1,4,3,2,Yes,Sometimes (every 2-3 months),Often (monthly),18-24 years old,Male,Rural
5091364022779904,2017-02-13 02:50:43.12356 UTC,Food and Drinks,new,False,"1040,498",5773.872790658959,True,False,True,False,False,False,False,False,False,False,Yes,1,1,1,1,1,Yes,Sometimes (every 2-3 months),Often (monthly),40+ years old,Male,Rural
5093108584808448,2017-02-13 05:36:43.34187 UTC,Food and Drinks,old,True,"1366,662",4151.205180063497,False,False,True,False,False,False,False,False,True,False,No,4,3,4,3,5,Yes,Sometimes (every 2-3 months),Often (monthly),40+ years old,Female,Rural
5096168749006848,2017-02-16 19:06:40.56784 UTC,Air Travel,new,False,"1280,694",1964.0654877537668,True,False,True,False,False,False,False,False,True,False,No,3,3,4,2,2,Yes,Often (monthly),Often (monthly),31-40 years old,Male,Urban
5096363633147904,2017-02-13 02:44:31.67457 UTC,Food and Drinks,old,False,"1280,615",3323.2087248872335,True,False,True,False,False,False,False,False,False,False,Yes,1,2,3,1,1,Yes,Very often (weekly),Very often (weekly),31-40 years old,Male,Urban
5101298819006464,2017-02-13 04:02:46.42579 UTC,TV Shows,new,False,"1366,662",3218.8281405379607,True,False,True,False,False,False,False,False,True,False,No,3,3,3,2,3,Yes,Sometimes (every 2-3 months),Sometimes (every 2-3 months),25-30 years old,Male,Urban
5101952727777280,2017-02-13 19:48:55.51836 UTC,Food and Drinks,new,True,"1280,894",3025.5071602115654,False,False,True,False,False,False,False,False,True,False,No,3,3,3,3,4,Yes,Sometimes (every 2-3 months),Sometimes (every 2-3 months),25-30 years old,Female,Urban
5105650963054592,2017-02-17 20:15:26.79993 UTC,Food and Drinks,old,True,"320,440",0.0,False,False,True,False,False,False,False,False,False,False,No,2,2,3,2,3,Yes,Rarely (less than twice a year),Often (monthly),31-40 years old,Female,Urban
5106594245246976,2017-02-16 15:32:36.90052 UTC,TV Shows,old,True,"1280,894",6495.437286083929,True,False,True,False,False,False,False,False,True,False,Yes,1,1,1,1,3,Yes,Sometimes (every 2-3 months),Often (monthly),25-30 years old,Female,Urban
5112317826039808,2017-02-15 22:09:25.5372 UTC,Food and Drinks,old,True,"1366,610",2791.86063786395,False,False,True,False,False,False,False,False,True,False,No,3,1,2,2,2,Yes,Often (monthly),Sometimes (every 2-3 months),25-30 years old,Female,Urban
5113123132407808,2017-02-13 02:54:31.65083 UTC,Air Travel,new,True,"1920,974",1216.5218923904972,True,False,True,False,False,False,False,False,True,False,No,4,4,4,4,4,Yes,Never,Rarely (less than twice a year),31-40 years old,Male,Urban
5119667588825088,2017-02-13 12:51:28.64314 UTC,Food and Drinks,old,True,"1440,753",1797.082752783666,False,False,True,False,False,False,False,False,True,False,Yes,3,1,2,1,2,No,Never,Sometimes (every 2-3 months),31-40 years old,Male,Urban
5125474921480192,2017-02-18 21:42:55.32929 UTC,Air Travel,new,True,"1304,702",3048.1333885202193,True,False,False,False,False,False,False,False,True,False,Yes,3,2,1,3,4,Yes,Never,Rarely (less than twice a year),18-24 years old,Female,Rural
5129512190738432,2017-02-13 04:30:04.69593 UTC,Food and Drinks,new,True,"1366,662",1256.506223427546,False,False,True,False,False,False,False,False,False,False,No,2,4,3,3,4,Yes,Sometimes (every 2-3 months),Often (monthly),31-40 years old,Male,Urban
5134473146400768,2017-02-13 05:44:00.67068 UTC,TV Shows,new,False,"1168,683",5810.393060807996,True,False,True,False,False,False,False,False,True,False,Yes,4,3,2,3,5,Yes,Often (monthly),Very often (weekly),25-30 years old,Female,Urban
5137355874762752,2017-02-13 02:45:10.28607 UTC,Air Travel,new,False,"1366,662",2039.4937675739168,True,False,True,False,False,False,False,False,True,False,No,5,3,5,5,4,Yes,Never,Very often (weekly),31-40 years old,Female,Rural
5139717033033728,2017-02-15 19:58:13.72816 UTC,TV Shows,old,True,"1368,892",962.4437035900258,False,False,True,False,False,False,False,False,True,False,No,3,3,3,4,4,Yes,Often (monthly),Very often (weekly),18-24 years old,Male,Urban
5141197186138112,2017-02-18 14:29:44.84497 UTC,Air Travel,new,True,"1366,655",2190.3402139635496,True,False,True,False,False,False,False,False,False,False,No,2,3,3,1,3,Yes,Very often (weekly),Sometimes (every 2-3 months),31-40 years old,Female,Rural
5142291060621312,2017-02-13 03:34:41.69637 UTC,Air Travel,old,True,"1366,700",6398.670080894006,True,False,True,False,False,False,False,False,True,False,No,4,4,4,3,4,Yes,Often (monthly),Often (monthly),25-30 years old,Female,Urban
5146486975234048,2017-02-18 01:39:18.5848 UTC,TV Shows,old,True,"1920,950",6744.843601395985,False,False,False,False,False,False,False,False,True,False,Yes,3,1,1,1,1,Yes,Never,Often (monthly),40+ years old,Male,Urban
5151213049872384,2017-02-13 13:55:15.6435 UTC,Food and Drinks,new,False,"1204,680",2603.4096426188967,False,False,True,False,False,False,False,False,True,False,Yes,3,3,2,3,2,Yes,Often (monthly),Often (monthly),31-40 years old,Female,Rural
5153049148391424,2017-02-13 03:11:00.86931 UTC,Air Travel,new,False,"851,635",2502.383799189252,True,False,True,False,False,False,False,False,False,False,No,3,3,2,3,3,Yes,Sometimes (every 2-3 months),Very often (weekly),31-40 years old,Female,Urban
5156288090603520,2017-02-14 23:43:21.06844 UTC,Food and Drinks,new,False,"1302,724",4127.363341343192,True,False,True,False,False,False,False,False,False,False,No,1,2,5,1,3,No,Never,Sometimes (every 2-3 months),40+ years old,Female,Rural
5159696684023808,2017-02-13 16:00:10.43713 UTC,Food and Drinks,old,True,"1371,667",2738.3550112414327,True,False,True,False,False,False,False,False,False,False,No,3,2,5,1,3,Yes,Often (monthly),Sometimes (every 2-3 months),25-30 years old,Male,Urban
5160398642741248,2017-02-16 14:37:50.45 UTC,TV Shows,new,True,"1920,950",2824.0217237060924,True,False,True,False,False,False,False,False,True,False,No,2,3,2,1,1,Yes,Often (monthly),Sometimes (every 2-3 months),31-40 years old,Male,Urban
5167132077719552,2017-02-13 03:19:55.46285 UTC,Food and Drinks,new,True,"1440,759",5434.909609698682,False,False,True,False,False,False,False,False,True,False,Yes,3,2,1,1,3,Yes,Rarely (less than twice a year),Often (monthly),31-40 years old,Male,Urban
5171105190903808,2017-02-18 04:10:38.54132 UTC,TV Shows,new,False,"1280,617",3420.612046711522,False,False,False,False,False,False,False,False,True,False,Yes,4,3,3,3,5,Yes,Sometimes (every 2-3 months),Often (monthly),31-40 years old,Male,Rural
5176457257025536,2017-02-13 03:09:52.04611 UTC,Food and Drinks,new,True,"1366,638",2766.7993386019966,True,False,True,False,False,False,False,False,True,False,Yes,2,3,4,3,3,Yes,Never,Rarely (less than twice a year),25-30 years old,Male,Urban
5179846254657536,2017-02-15 02:27:17.77981 UTC,Air Travel,old,False,"360,616",0.0,True,False,True,False,False,False,False,False,True,False,No,1,1,3,3,3,Yes,Never,Often (monthly),31-40 years old,Female,Urban
5186378094608384,2017-02-13 16:53:34.15402 UTC,Food and Drinks,new,True,"1366,673",5112.414021500154,False,False,True,False,False,False,False,False,True,False,Yes,4,4,3,3,4,Yes,Never,Very often (weekly),40+ years old,Female,Rural
5187840530972672,2017-02-15 19:24:53.56881 UTC,Food and Drinks,old,False,"1536,747",944.1050545540171,False,False,True,False,False,False,False,False,False,False,No,1,3,3,1,2,No,Never,Often (monthly),40+ years old,Male,Urban
5197870353350656,2017-02-13 03:37:34.09402 UTC,Air Travel,new,True,"1366,678",558.9663017077061,True,False,True,False,False,False,False,False,True,False,No,3,3,4,3,3,Yes,Often (monthly),Very often (weekly),40+ years old,Female,Rural
5206065687822336,2017-02-13 08:23:22.43282 UTC,TV Shows,new,True,"1178,708",3296.931423610065,False,False,True,False,False,False,False,False,True,False,Yes,5,4,5,4,5,Yes,Never,Sometimes (every 2-3 months),40+ years old,Female,Rural
5206978905243648,2017-02-17 20:44:16.05265 UTC,TV Shows,new,True,"1324,729",3823.2948222768737,True,False,True,False,False,False,False,False,True,False,No,3,2,2,1,2,Yes,Sometimes (every 2-3 months),Often (monthly),25-30 years old,Female,Urban
5212260104404992,2017-02-13 22:45:34.04502 UTC,TV Shows,new,False,"1280,724",796.5685058825964,True,False,True,False,False,False,False,False,True,False,No,4,3,2,1,2,Yes,Very often (weekly),Often (monthly),25-30 years old,Female,Urban
5217233139662848,2017-02-16 05:55:07.97622 UTC,TV Shows,old,False,"1920,930",4029.647417500582,False,False,False,False,False,False,False,False,True,False,No,1,1,3,1,3,Yes,Often (monthly),Often (monthly),40+ years old,Female,Urban
5307869566074880,2017-02-15 05:35:29.5267 UTC,Food and Drinks,new,False,"1920,950",1964.1847673498723,True,False,True,False,False,False,False,False,True,False,Yes,3,3,4,3,4,Yes,Sometimes (every 2-3 months),Often (monthly),31-40 years old,Male,Urban
5348024557502464,2017-02-13 23:52:00.26093 UTC,TV Shows,new,False,"1920,950",2620.483935732601,True,False,True,False,False,False,False,False,True,False,Yes,1,1,1,1,2,Yes,Often (monthly),Often (monthly),40+ years old,Female,Rural
5352997592760320,2017-02-13 12:38:26.57989 UTC,TV Shows,old,False,"1600,770",1652.7871805374612,False,False,False,False,False,False,False,False,True,False,No,3,2,1,1,2,Yes,Never,Often (monthly),40+ years old,Male,Urban
5357970628018176,2017-02-14 02:24:04.30932 UTC,Food and Drinks,new,True,"1920,974",3847.9489894608905,False,False,True,False,False,False,False,False,False,False,No,3,3,2,5,4,Yes,Sometimes (every 2-3 months),Often (monthly),40+ years old,Female,Urban
5362931583680512,2017-02-13 19:55:24.21237 UTC,Air Travel,new,False,"1280,700",2511.4698832031645,True,False,True,False,False,False,False,False,False,False,No,3,3,1,1,1,Yes,Often (monthly),Very often (weekly),25-30 years old,Female,Rural
5377838609858560,2017-02-13 19:40:25.25212 UTC,Air Travel,old,False,"1434,716",2402.497649142417,True,False,False,False,False,False,False,False,False,False,Yes,3,2,3,1,3,Yes,Sometimes (every 2-3 months),Often (monthly),25-30 years old,Male,Urban
5382773795717120,2017-02-15 01:30:50.81257 UTC,Food and Drinks,new,False,"1366,634",1928.06923317128,True,False,True,False,False,False,False,False,True,False,Yes,1,2,1,1,1,Yes,Never,Often (monthly),40+ years old,Male,Urban
5394598109118464,2017-02-13 19:54:03.35322 UTC,Food and Drinks,old,True,"930,576",1724.0513712459785,True,False,True,False,False,False,False,False,False,False,What is ad blocking software?,1,3,2,1,3,Yes,Very often (weekly),Very often (weekly),25-30 years old,Female,Urban
5401142565535744,2017-02-14 07:02:12.89972 UTC,Air Travel,new,False,"1536,758",1659.9921947334694,True,False,True,False,False,False,False,False,True,False,No,1,2,1,1,1,Yes,Very often (weekly),Very often (weekly),31-40 years old,Male,Urban
5410987167449088,2017-02-13 19:43:19.80134 UTC,Air Travel,new,False,"1368,807",1614.0436168187773,True,False,True,False,False,False,False,False,True,False,No,3,3,1,2,1,Yes,Very often (weekly),Often (monthly),31-40 years old,Female,Urban
5418830851473408,2017-02-15 01:22:03.62761 UTC,TV Shows,new,True,"1280,709",658.3001121432134,True,False,True,False,False,False,False,False,True,False,No,3,3,5,3,5,No,Never,Very often (weekly),40+ years old,Male,Urban
5432688026583040,2017-02-14 01:05:04.44137 UTC,Air Travel,old,True,"1143,671",875.6001778571507,True,False,True,False,False,False,False,False,True,False,Yes,1,1,1,1,1,Yes,Rarely (less than twice a year),Sometimes (every 2-3 months),18-24 years old,Female,Urban
5434524125102080,2017-02-14 18:33:29.7918 UTC,TV Shows,new,True,"1536,759",315.4779160008943,True,False,True,False,False,False,False,False,True,False,Yes,3,3,3,4,4,Yes,Often (monthly),Very often (weekly),25-30 years old,Male,Urban
5448607054430208,2017-02-13 22:42:22.79358 UTC,Food and Drinks,new,True,"360,567",0.0,False,False,True,False,False,False,False,False,True,False,Yes,5,3,3,3,5,Yes,Very often (weekly),Often (monthly),25-30 years old,Male,Urban
5457932233736192,2017-02-14 15:52:26.53603 UTC,TV Shows,new,False,"1366,662",6882.037181783471,False,False,True,False,False,False,False,False,True,False,No,2,3,1,1,3,Yes,Never,Often (monthly),31-40 years old,Male,Urban
5461321231368192,2017-02-16 19:59:30.14746 UTC,TV Shows,new,True,"1366,654",6147.970998231401,False,False,False,False,False,False,False,False,True,False,What is ad blocking software?,2,2,3,1,1,No,Never,Often (monthly),40+ years old,Female,Rural
5493735081115648,2017-02-15 21:13:59.64952 UTC,Air Travel,old,False,"1536,731",1630.1816380141129,True,False,False,False,False,False,False,False,False,False,Yes,1,3,3,1,5,Yes,Sometimes (every 2-3 months),Very often (weekly),31-40 years old,Male,Urban
5629499534213120,2017-02-13 02:08:03.04967 UTC,Air Travel,new,False,"1440,776",1577.303797341448,True,False,False,False,False,False,False,False,False,False,Yes,3,3,4,1,3,Yes,Never,Often (monthly),25-30 years old,Female,Rural
5631383682678784,2017-02-18 20:40:01.879 UTC,Air Travel,old,False,"1263,647",1838.2927528114167,True,False,False,False,False,False,False,False,True,False,No,3,2,2,2,2,Yes,Sometimes (every 2-3 months),Sometimes (every 2-3 months),18-24 years old,Female,Urban
5631986051842048,2017-02-13 02:49:01.74627 UTC,TV Shows,new,False,"1366,662",1204.8695178111382,True,False,True,False,False,False,False,False,True,False,Yes,1,1,1,1,1,Yes,Sometimes (every 2-3 months),Often (monthly),25-30 years old,Other,Urban
5634472569470976,2017-02-13 02:44:06.77684 UTC,TV Shows,old,False,"1344,736",1545.3363211252397,True,False,True,False,False,False,False,False,True,False,Yes,1,1,1,1,1,Yes,Never,Often (monthly),31-40 years old,Male,Urban
5636026810761216,2017-02-18 21:20:14.73918 UTC,Air Travel,new,False,"1916,960",4823.566996081874,True,False,True,False,False,False,False,False,False,False,Yes,3,2,1,1,2,Yes,Often (monthly),Very often (weekly),25-30 years old,Male,Urban
5636318331666432,2017-02-14 21:57:34.70417 UTC,Food and Drinks,new,False,"1024,653",0.0,False,False,True,False,False,False,False,False,True,False,No,3,3,1,4,3,Yes,Often (monthly),Often (monthly),18-24 years old,Female,Urban
5637489247125504,2017-02-18 04:57:49.19852 UTC,Air Travel,old,False,"375,559",0.0,True,False,True,False,False,False,False,False,False,False,No,3,3,5,4,5,Yes,Often (monthly),Sometimes (every 2-3 months),18-24 years old,Female,Urban
5639445604728832,2017-02-13 02:17:46.90314 UTC,Food and Drinks,new,True,"1500,871",5451.443759566706,True,False,True,False,False,False,False,False,False,False,No,2,2,3,2,3,Yes,Often (monthly),Often (monthly),25-30 years old,Male,Urban
5642554087309312,2017-02-13 03:01:06.70856 UTC,Air Travel,new,True,"1166,619",1786.3472612473101,True,False,True,False,False,False,False,False,False,False,No,4,2,5,2,2,Yes,Sometimes (every 2-3 months),Very often (weekly),25-30 years old,Female,Urban
5644406560391168,2017-02-13 02:45:54.19047 UTC,Food and Drinks,new,False,"1024,672",346.5948643589515,False,False,True,False,False,False,False,False,True,False,No,3,2,1,1,3,Yes,Sometimes (every 2-3 months),Often (monthly),31-40 years old,Male,Urban
5651124426113024,2017-02-15 22:17:36.34763 UTC,TV Shows,old,True,"1600,794",8695.51532543209,False,False,True,False,False,False,False,False,True,False,No,1,1,1,1,1,Yes,Often (monthly),Often (monthly),18-24 years old,Male,Urban
5654313976201216,2017-02-13 02:45:11.16933 UTC,TV Shows,new,False,"1230,676",1367.8773395918383,True,False,True,False,False,False,False,False,True,False,Yes,2,1,1,1,2,Yes,Very often (weekly),Very often (weekly),25-30 years old,Female,Urban
5655869022797824,2017-02-17 13:42:28.33846 UTC,Food and Drinks,new,False,"1324,748",787.655882338162,True,False,True,False,False,False,False,False,True,False,Yes,3,2,1,1,2,Yes,Never,Sometimes (every 2-3 months),25-30 years old,Female,Urban
5656058538229760,2017-02-13 03:14:44.03364 UTC,TV Shows,new,True,"768,928",264.30135807986767,False,False,True,False,False,False,False,False,True,False,Yes,2,3,2,1,3,Yes,Rarely (less than twice a year),Sometimes (every 2-3 months),31-40 years old,Male,Rural
5659118702428160,2017-02-16 01:43:30.67889 UTC,TV Shows,new,True,"1440,703",1123.6406111491303,True,False,True,False,False,False,False,False,True,False,Yes,2,2,1,1,1,Yes,Rarely (less than twice a year),Often (monthly),31-40 years old,Female,Rural
5664248772427776,2017-02-13 02:47:54.17119 UTC,Air Travel,new,True,"1280,685",6214.886931691386,True,False,True,False,False,False,False,False,True,False,Yes,1,3,1,1,3,Yes,Often (monthly),Sometimes (every 2-3 months),25-30 years old,Male,Urban
5664902681198592,2017-02-13 19:47:34.03107 UTC,TV Shows,new,True,"1280,615",2123.0441322183256,True,False,True,False,False,False,False,False,True,False,No,3,3,2,1,4,Yes,Sometimes (every 2-3 months),Often (monthly),25-30 years old,Female,Urban
5670405876482048,2017-02-18 18:54:14.7526 UTC,Air Travel,old,True,"1280,726",3437.885727996178,True,False,False,False,False,False,False,False,False,False,Yes,3,3,3,3,3,Yes,Sometimes (every 2-3 months),Often (monthly),18-24 years old,Female,Urban
5672749318012928,2017-02-13 02:47:17.31108 UTC,TV Shows,old,False,"375,559",0.0,False,False,True,False,False,False,False,False,True,False,No,2,3,2,1,1,Yes,Very often (weekly),Sometimes (every 2-3 months),25-30 years old,Male,Urban
5675267779461120,2017-02-15 17:18:53.83361 UTC,TV Shows,new,False,"1680,895",2761.400762364623,True,False,True,False,False,False,False,False,True,False,Yes,1,1,1,1,4,Yes,Often (monthly),Sometimes (every 2-3 months),31-40 years old,Female,Rural
5676073085829120,2017-02-13 02:41:41.15739 UTC,Food and Drinks,new,False,"919,970",1776.964965848293,False,False,True,False,False,False,False,False,False,False,No,2,2,1,1,1,Yes,Often (monthly),Rarely (less than twice a year),31-40 years old,Female,Rural
5681034041491456,2017-02-18 05:35:17.62692 UTC,TV Shows,new,True,"1600,822",2489.096406577466,False,False,False,False,False,False,False,False,True,False,Yes,1,1,5,1,1,Yes,Very often (weekly),Very often (weekly),31-40 years old,Female,Urban
5682617542246400,2017-02-13 02:40:09.23595 UTC,Air Travel,new,False,"1366,638",1767.66231389834,True,False,True,False,False,False,False,False,True,False,No,3,2,5,1,3,Yes,Very often (weekly),Very often (weekly),31-40 years old,Female,Rural
5688424874901504,2017-02-18 16:53:43.79555 UTC,TV Shows,old,True,"1920,946",4111.472846257547,False,False,False,False,False,False,False,False,True,False,Yes,1,1,1,1,1,Yes,Often (monthly),Very often (weekly),40+ years old,Male,Urban
5691726094139392,2017-02-16 15:11:49.85403 UTC,TV Shows,new,False,"856,651",2552.1107172150637,True,False,True,False,False,False,False,False,True,False,Yes,2,2,3,3,3,Yes,Rarely (less than twice a year),Often (monthly),18-24 years old,Female,Rural
5692462144159744,2017-02-13 03:38:10.41522 UTC,TV Shows,new,True,"1366,662",940.8717489218498,False,False,True,False,False,False,False,False,True,False,Yes,4,3,2,2,4,Yes,Sometimes (every 2-3 months),Sometimes (every 2-3 months),31-40 years old,Male,Urban
5695159920492544,2017-02-18 08:19:16.45123 UTC,Food and Drinks,new,False,"1600,794",1441.7049208722065,False,False,True,False,False,False,False,False,True,False,Yes,3,4,3,3,4,Yes,Often (monthly),Very often (weekly),31-40 years old,Female,Rural
5697423099822080,2017-02-13 03:28:09.79284 UTC,TV Shows,new,False,"1536,735",2021.9647077269724,False,False,True,False,False,False,False,False,True,False,Yes,1,1,1,1,1,Yes,Never,Sometimes (every 2-3 months),40+ years old,Female,Urban
5701241594183680,2017-02-18 22:16:07.63973 UTC,Air Travel,old,False,"1920,943",997.4479635625182,True,False,True,False,False,False,False,False,False,False,Yes,3,3,1,2,3,Yes,Sometimes (every 2-3 months),Very often (weekly),40+ years old,Female,Urban
5704147139559424,2017-02-18 14:15:25.31956 UTC,TV Shows,new,True,"1366,659",3551.3436041704113,True,False,True,False,False,False,False,False,True,False,No,5,2,4,5,4,Yes,Sometimes (every 2-3 months),Often (monthly),40+ years old,Male,Rural
5705241014042624,2017-02-13 02:54:34.77147 UTC,Food and Drinks,old,True,"905,624",2393.5161306764203,True,False,True,False,False,False,False,False,True,False,Yes,3,2,3,1,2,Yes,Very often (weekly),Often (monthly),18-24 years old,Male,Rural
5707702298738688,2017-02-15 23:59:47.22488 UTC,Food and Drinks,old,True,"1220,676",2158.850437018963,False,False,True,False,False,False,False,False,True,False,Yes,3,2,1,3,3,Yes,Never,Often (monthly),18-24 years old,Female,Rural
5709436928655360,2017-02-17 18:20:49.29751 UTC,TV Shows,new,True,"1280,899",2737.2725194164454,False,False,False,False,False,False,False,False,True,False,No,3,2,2,1,3,Yes,Rarely (less than twice a year),Often (monthly),40+ years old,Female,Urban
5715999101812736,2017-02-13 02:40:09.19572 UTC,Food and Drinks,new,False,"1920,935",2815.5607113329515,True,False,True,False,False,False,False,False,True,False,No,3,3,4,3,1,Yes,Rarely (less than twice a year),Very often (weekly),31-40 years old,Male,Urban
5719238044024832,2017-02-14 05:08:22.77881 UTC,Air Travel,old,False,"1366,672",4725.016817280434,True,False,False,False,False,False,False,False,False,False,Yes,2,3,4,4,4,Yes,Sometimes (every 2-3 months),Rarely (less than twice a year),25-30 years old,Male,Urban
5720147234914304,2017-02-18 00:45:40.85425 UTC,TV Shows,new,False,"1920,964",3393.387485981559,False,False,True,False,False,False,False,False,True,False,No,3,2,3,2,3,Yes,Often (monthly),Often (monthly),18-24 years old,Female,Rural
5720929187397632,2017-02-17 15:35:22.81727 UTC,Food and Drinks,new,False,"1366,630",3342.6232804398524,False,False,True,False,False,False,False,False,False,False,Yes,3,2,2,5,3,Yes,Never,Rarely (less than twice a year),31-40 years old,Female,Rural
5722646637445120,2017-02-13 02:35:45.6258 UTC,Air Travel,old,True,"1536,736",3349.2273809933404,True,False,True,False,False,False,False,False,False,False,Yes,1,4,3,1,5,Yes,Sometimes (every 2-3 months),Very often (weekly),25-30 years old,Female,Urban
5723348596162560,2017-02-15 23:07:37.93678 UTC,TV Shows,new,False,"1278,683",2928.209679019334,True,False,True,False,False,False,False,False,True,False,No,1,2,3,1,2,Yes,Often (monthly),Often (monthly),31-40 years old,Male,Urban
5727389891952640,2017-02-18 21:15:51.79632 UTC,TV Shows,new,False,"1600,770",1732.9362069213378,False,False,True,False,False,False,False,False,True,False,No,3,2,1,3,1,Yes,Very often (weekly),Very often (weekly),31-40 years old,Female,Urban
5730827476402176,2017-02-16 03:31:21.29692 UTC,Food and Drinks,new,False,"1366,676",1310.3590518481706,False,False,True,False,False,False,False,False,False,False,No,4,3,2,2,3,Yes,Never,Rarely (less than twice a year),31-40 years old,Female,Rural
5732568548769792,2017-02-13 02:42:52.81378 UTC,Food and Drinks,new,True,"919,970",670.0072089270675,False,False,True,False,False,False,False,False,False,False,Yes,1,1,1,1,1,Yes,Very often (weekly),Very often (weekly),25-30 years old,Male,Urban
5734055144325120,2017-02-17 15:56:39.3449 UTC,Food and Drinks,old,True,"1236,717",1237.8002102408327,True,False,True,False,False,False,False,False,True,False,No,3,3,2,1,3,Yes,Sometimes (every 2-3 months),Sometimes (every 2-3 months),25-30 years old,Female,Rural
5739407210446848,2017-02-13 02:49:07.24208 UTC,Air Travel,new,False,"1600,723",1048.9313830462888,True,False,True,False,False,False,False,False,True,False,No,3,3,4,3,3,Yes,Often (monthly),Very often (weekly),31-40 years old,Male,Urban
5747610597982208,2017-02-18 05:58:08.8995 UTC,Air Travel,old,False,"1280,591",2115.163382377391,True,False,True,False,False,False,False,False,False,False,No,4,2,2,2,3,Yes,Often (monthly),Often (monthly),18-24 years old,Female,Urban
5749328048029696,2017-02-13 03:11:43.9097 UTC,TV Shows,old,True,"1600,783",2376.071280871673,True,False,True,False,False,False,False,False,True,False,What is ad blocking software?,1,3,2,1,3,Yes,Sometimes (every 2-3 months),Often (monthly),40+ years old,Female,Urban
5750790484393984,2017-02-15 19:07:02.96746 UTC,Air Travel,new,False,"1366,638",2915.7960074257994,True,False,True,False,False,False,False,False,True,False,No,1,1,3,1,1,No,Never,Very often (weekly),40+ years old,Female,Rural
5754258133614592,2017-02-18 23:22:04.35596 UTC,Food and Drinks,new,False,"1280,703",2400.3386683251542,True,False,True,False,False,False,False,False,False,False,No,1,1,3,1,3,Yes,Rarely (less than twice a year),Often (monthly),31-40 years old,Male,Urban
5755685136498688,2017-02-17 02:40:02.17078 UTC,Food and Drinks,new,True,"1366,638",6202.519626035025,True,False,True,False,False,False,False,False,True,False,No,3,3,4,4,1,Yes,Rarely (less than twice a year),Sometimes (every 2-3 months),18-24 years old,Female,Urban
5759409141579776,2017-02-18 14:37:07.25867 UTC,Air Travel,new,True,"1366,700",12339.68285294076,True,False,True,False,False,False,False,False,True,False,Yes,5,3,4,3,3,No,Never,Often (monthly),40+ years old,Male,Urban
5760820306771968,2017-02-13 02:48:34.56727 UTC,Air Travel,new,True,"1366,638",4669.972208973654,True,False,True,False,False,False,False,False,True,False,Yes,3,2,3,3,4,Yes,Sometimes (every 2-3 months),Often (monthly),25-30 years old,Male,Urban
5762637883244544,2017-02-18 19:53:49.31459 UTC,Food and Drinks,new,True,"1366,662",3485.7519781920796,True,False,True,False,False,False,False,False,True,False,Yes,1,2,3,1,3,Yes,Rarely (less than twice a year),Often (monthly),25-30 years old,Female,Rural
5767281011326976,2017-02-18 15:50:07.1963 UTC,TV Shows,new,False,"1920,963",2355.515744665277,True,False,True,False,False,False,False,False,True,False,No,1,2,2,1,2,Yes,Never,Sometimes (every 2-3 months),31-40 years old,Male,Rural
5769015641243648,2017-02-13 05:59:10.63233 UTC,TV Shows,new,True,"684,332",0.0,False,False,True,False,False,False,False,False,True,False,Yes,3,3,4,1,1,Yes,Often (monthly),Very often (weekly),25-30 years old,Male,Rural
5769928858664960,2017-02-17 16:45:53.93159 UTC,Food and Drinks,old,True,"1280,891",4845.952616388384,True,False,True,False,False,False,False,False,True,False,No,1,2,1,1,1,Yes,Rarely (less than twice a year),Sometimes (every 2-3 months),31-40 years old,Male,Urban
5775210057826304,2017-02-13 21:08:58.58043 UTC,Food and Drinks,old,True,"1440,700",2409.2273006235882,True,False,True,False,False,False,False,False,False,False,No,1,1,4,1,5,Yes,Rarely (less than twice a year),Often (monthly),25-30 years old,Male,Urban
5780183093084160,2017-02-15 13:34:21.47057 UTC,Food and Drinks,old,True,"2133,1081",586.043344289908,False,False,True,False,False,False,False,False,False,False,Yes,1,1,1,1,2,Yes,Sometimes (every 2-3 months),Often (monthly),31-40 years old,Male,Rural
5804986260783104,2017-02-17 19:57:38.24204 UTC,TV Shows,old,False,"600,770",0.0,False,False,True,False,False,False,False,False,True,False,What is ad blocking software?,5,3,3,4,3,Yes,Often (monthly),Sometimes (every 2-3 months),31-40 years old,Female,Rural
5870819519496192,2017-02-14 15:14:04.79219 UTC,Air Travel,new,False,"1406,686",5986.969747129387,True,False,True,False,False,False,False,False,True,False,No,1,3,3,1,3,Yes,Sometimes (every 2-3 months),Often (monthly),40+ years old,Female,Rural
5910974510923776,2017-02-13 21:10:55.91457 UTC,Air Travel,old,True,"1080,499",3577.8127931177182,True,False,True,False,False,False,False,False,True,False,What is ad blocking software?,3,2,1,1,3,Yes,Sometimes (every 2-3 months),Often (monthly),25-30 years old,Male,Urban
5915947546181632,2017-02-13 11:41:48.71451 UTC,Food and Drinks,old,False,"768,904",0.0,True,False,True,False,False,False,False,False,True,False,No,3,3,3,4,5,Yes,Sometimes (every 2-3 months),Sometimes (every 2-3 months),18-24 years old,Female,Urban
5920920581439488,2017-02-13 13:28:07.50694 UTC,TV Shows,new,False,"1360,610",118.04860527130653,False,False,False,False,False,False,False,False,True,False,Yes,1,1,1,1,1,Yes,Never,Sometimes (every 2-3 months),25-30 years old,Male,Urban
5925881537101824,2017-02-13 15:56:25.50611 UTC,Food and Drinks,new,True,"1254,674",856.2256131862705,False,False,True,False,False,False,False,False,False,False,No,4,3,3,3,4,Yes,Rarely (less than twice a year),Often (monthly),40+ years old,Male,Urban
5930866651955200,2017-02-13 13:08:34.54273 UTC,Air Travel,new,False,"360,559",0.0,True,False,True,False,False,False,False,False,True,False,No,5,5,5,4,5,Yes,Often (monthly),Often (monthly),40+ years old,Male,Urban
5935788952911872,2017-02-14 14:53:46.78175 UTC,Food and Drinks,old,True,"1920,974",2035.696591775739,False,False,True,False,False,False,False,False,True,False,Yes,1,3,5,1,3,Yes,Very often (weekly),Often (monthly),40+ years old,Female,Urban
5937533514940416,2017-02-14 14:46:20.84135 UTC,Food and Drinks,new,False,"843,599",2619.0169279196566,False,False,True,False,False,False,False,False,True,False,Yes,1,3,1,1,1,Yes,Never,Often (monthly),40+ years old,Male,Urban
5940788563279872,2017-02-13 15:27:31.46801 UTC,Food and Drinks,new,True,"1366,638",3869.144622939922,True,False,True,False,False,False,False,False,False,False,No,1,3,3,1,3,Yes,Often (monthly),Very often (weekly),25-30 years old,Male,Urban
5945723749138432,2017-02-14 03:23:52.89748 UTC,Air Travel,new,False,"1240,648",1403.0104867638381,True,False,True,False,False,False,False,False,False,False,No,5,4,3,3,4,Yes,Sometimes (every 2-3 months),Often (monthly),31-40 years old,Male,Urban
5954224294723584,2017-02-13 16:06:44.87692 UTC,Food and Drinks,new,True,"1280,542",10477.647861343808,True,False,True,False,False,False,False,False,True,False,No,3,2,1,2,4,Yes,Very often (weekly),Very often (weekly),31-40 years old,Male,Urban
5964092518957056,2017-02-14 02:54:05.78779 UTC,Food and Drinks,new,False,"1083,720",2468.4172396479266,True,False,True,False,False,False,False,False,True,False,No,4,2,3,3,3,Yes,Sometimes (every 2-3 months),Often (monthly),31-40 years old,Female,Urban
5973937120870400,2017-02-13 16:37:26.15002 UTC,Air Travel,new,True,"768,960",0.0,False,False,False,False,False,True,False,False,False,False,No,3,3,5,3,3,Yes,Sometimes (every 2-3 months),Very often (weekly),40+ years old,Female,Urban
5978898076532736,2017-02-13 22:32:16.7961 UTC,TV Shows,new,False,"1920,950",3181.8182211637536,False,False,False,False,False,True,False,False,False,False,Yes,1,1,1,1,1,Yes,Rarely (less than twice a year),Often (monthly),25-30 years old,Male,Urban
5981780804894720,2017-02-14 15:45:03.82782 UTC,TV Shows,old,True,"1024,638",4488.609137911527,True,False,True,False,False,False,False,False,True,False,No,1,1,3,1,3,Yes,Often (monthly),Often (monthly),31-40 years old,Male,Urban
5986715990753280,2017-02-14 07:23:18.86942 UTC,Air Travel,new,False,"1680,869",3577.549443046041,True,False,True,False,False,False,False,False,False,False,Yes,1,3,2,1,1,Yes,Sometimes (every 2-3 months),Often (monthly),25-30 years old,Male,Urban
5995637980004352,2017-02-14 00:41:01.8927 UTC,TV Shows,new,False,"1280,566",2814.8106775474203,True,False,True,False,False,False,False,False,True,False,No,3,3,3,2,3,Yes,Often (monthly),Very often (weekly),31-40 years old,Male,Urban
6004121614155776,2017-02-15 03:10:19.48426 UTC,TV Shows,new,True,"1177,686",380.68049928158626,True,False,True,False,False,False,False,False,True,False,Yes,3,2,2,3,3,Yes,Never,Often (monthly),18-24 years old,Female,Urban
6011557007851520,2017-02-13 12:30:32.14835 UTC,Air Travel,old,True,"1366,630",1632.53174806969,True,False,True,False,False,False,False,False,False,False,No,2,2,3,1,3,Yes,Rarely (less than twice a year),Often (monthly),25-30 years old,Female,Rural
6014043525480448,2017-02-13 19:43:16.57487 UTC,Air Travel,new,False,"1920,949",0.0,True,False,True,False,False,False,False,False,False,False,Yes,1,3,1,2,1,Yes,Never,Very often (weekly),25-30 years old,Male,Urban
6020882187157504,2017-02-13 21:04:09.76742 UTC,TV Shows,new,True,"1094,699",1983.6403856926843,False,False,False,False,False,False,False,False,True,False,No,5,3,4,5,5,Yes,Often (monthly),Very often (weekly),18-24 years old,Other,Rural
6024271184789504,2017-02-16 15:18:27.24868 UTC,TV Shows,new,False,"1299,618",2778.32098477605,True,False,False,False,False,False,False,False,True,False,No,3,3,4,3,3,Yes,Often (monthly),Often (monthly),25-30 years old,Male,Rural
6042295283482624,2017-02-14 09:01:46.20485 UTC,Food and Drinks,new,True,"1366,631",8628.288836315398,False,False,True,False,False,False,False,False,False,False,No,1,3,3,1,3,No,Never,Often (monthly),40+ years old,Male,Rural
6056685034536960,2017-02-15 04:21:31.57352 UTC,Food and Drinks,new,True,"1435,776",1367.8881986662698,True,False,True,False,False,False,False,False,True,False,Yes,1,1,2,3,3,Yes,Often (monthly),Often (monthly),25-30 years old,Female,Urban
6152294496206848,2017-02-15 19:33:15.07151 UTC,TV Shows,new,True,"1117,698",3368.8808376612556,False,False,True,False,False,False,False,False,True,False,Yes,3,4,2,3,5,Yes,Often (monthly),Sometimes (every 2-3 months),31-40 years old,Male,Rural
6192449487634432,2017-02-13 18:57:12.09424 UTC,Air Travel,new,True,"1920,971",5461.677670091241,True,False,True,False,False,False,False,False,True,False,No,3,3,2,1,5,Yes,Rarely (less than twice a year),Very often (weekly),40+ years old,Male,Urban
6194936005263360,2017-02-13 19:47:14.83356 UTC,Air Travel,old,False,"1536,759",2962.4031885918093,True,False,True,False,False,False,False,False,True,False,No,3,1,1,1,3,Yes,Rarely (less than twice a year),Often (monthly),25-30 years old,Male,Urban
6197422522892288,2017-02-13 04:22:33.69925 UTC,Air Travel,new,True,"1600,766",2835.940632415209,True,False,True,False,False,False,False,False,True,False,No,3,2,4,3,3,Yes,Often (monthly),Very often (weekly),31-40 years old,Female,Urban
6202395558150144,2017-02-13 03:48:43.04455 UTC,TV Shows,new,True,"1366,657",2847.3936813733953,True,False,True,False,False,False,False,False,True,False,No,5,5,3,2,2,Yes,Rarely (less than twice a year),Often (monthly),40+ years old,Female,Urban
6205504040730624,2017-02-14 08:25:01.19188 UTC,TV Shows,old,False,"1536,702",4202.777951258222,False,False,False,False,False,False,False,False,True,False,Yes,1,2,1,1,1,No,Never,Very often (weekly),40+ years old,Female,Urban
6207356513812480,2017-02-13 04:30:10.00631 UTC,Food and Drinks,old,True,"1366,643",885.0810589717104,False,False,True,False,False,False,False,False,False,False,No,3,3,4,4,5,Yes,Often (monthly),Rarely (less than twice a year),25-30 years old,Female,Rural
6212341628665856,2017-02-13 03:34:25.46732 UTC,TV Shows,old,True,"1205,640",2233.5984353204603,True,False,True,False,False,False,False,False,True,False,Yes,2,2,3,2,3,Yes,Rarely (less than twice a year),Very often (weekly),18-24 years old,Male,Urban
6214074379534336,2017-02-16 14:15:11.89096 UTC,Food and Drinks,new,False,"1366,657",6818.665170209615,False,False,True,False,False,False,False,False,False,False,Yes,1,1,1,1,1,Yes,Rarely (less than twice a year),Often (monthly),40+ years old,Female,Rural
6217263929622528,2017-02-13 20:09:52.61255 UTC,Food and Drinks,old,True,"1536,747",1296.5929086381045,True,False,True,False,False,False,False,False,False,False,What is ad blocking software?,1,3,2,1,2,Yes,Often (monthly),Often (monthly),25-30 years old,Female,Urban
6219008491651072,2017-02-13 12:53:37.12948 UTC,Air Travel,new,False,"1940,1034",13877.36353299536,True,False,True,False,False,False,False,False,True,False,No,1,1,1,1,3,Yes,Often (monthly),Often (monthly),31-40 years old,Male,Urban
6222263539990528,2017-02-13 04:10:24.67009 UTC,TV Shows,new,False,"1920,1012",6556.107379876966,False,False,False,False,False,False,False,False,True,False,No,5,3,2,1,3,Yes,Often (monthly),Very often (weekly),31-40 years old,Male,Urban
6235699271434240,2017-02-13 11:56:42.70802 UTC,Food and Drinks,new,False,"1158,917",2435.5255473500556,False,False,True,False,False,False,False,False,True,False,Yes,3,2,3,4,2,Yes,Rarely (less than twice a year),Never,25-30 years old,Male,Urban
6239023039250432,2017-02-13 03:44:30.45549 UTC,Food and Drinks,new,False,"1280,694",1501.965712492417,False,False,True,False,False,False,False,False,False,False,Yes,3,3,5,5,5,No,Never,Often (monthly),31-40 years old,Female,Rural
6245567495667712,2017-02-13 23:56:09.97376 UTC,TV Shows,new,False,"1188,634",3313.1087676247766,True,False,True,False,False,False,False,False,True,False,Yes,1,3,4,1,3,Yes,Sometimes (every 2-3 months),Often (monthly),25-30 years old,Male,Urban
6255412097581056,2017-02-13 04:55:10.36208 UTC,TV Shows,new,True,"601,892",240.8318915758459,False,False,False,False,False,False,False,False,True,False,No,3,3,3,3,3,Yes,Sometimes (every 2-3 months),Rarely (less than twice a year),31-40 years old,Female,Urban
6260373053243392,2017-02-13 20:37:48.74832 UTC,Air Travel,new,False,"1220,587",0.0,True,False,True,False,False,False,False,False,True,False,Yes,3,2,3,2,2,Yes,Often (monthly),Very often (weekly),25-30 years old,Female,Urban
6263255781605376,2017-02-13 03:27:29.08107 UTC,TV Shows,new,True,"1366,662",7597.79216410993,True,False,True,False,False,False,False,False,True,False,Yes,3,3,2,1,3,Yes,Often (monthly),Sometimes (every 2-3 months),25-30 years old,Female,Rural
6268190967463936,2017-02-13 07:16:04.75894 UTC,TV Shows,new,True,"1183,651",515.5371850040744,False,False,True,False,False,False,False,False,True,False,Yes,5,3,2,3,3,Yes,Sometimes (every 2-3 months),Often (monthly),40+ years old,Male,Rural
6277112956715008,2017-02-13 18:47:02.52169 UTC,TV Shows,old,True,"1366,638",3821.896263459975,True,False,True,False,False,False,False,False,True,False,No,5,2,5,3,2,Yes,Rarely (less than twice a year),Very often (weekly),31-40 years old,Female,Urban
6278949055234048,2017-02-13 21:57:09.71982 UTC,TV Shows,old,False,"1031,658",3200.1586885655574,True,False,True,False,False,False,False,False,True,False,No,3,3,2,1,2,Yes,Often (monthly),Very often (weekly),25-30 years old,Female,Urban
6293031984562176,2017-02-13 03:23:13.46107 UTC,Food and Drinks,old,True,"1366,662",1349.4174227912663,True,False,True,False,False,False,False,False,True,False,Yes,1,2,3,1,2,Yes,Rarely (less than twice a year),Often (monthly),31-40 years old,Female,Urban
6305746161500160,2017-02-15 18:31:04.50864 UTC,TV Shows,new,False,"1366,648",5853.341143170333,False,False,True,False,False,False,False,False,True,False,No,1,3,2,1,4,Yes,Often (monthly),Very often (weekly),31-40 years old,Female,Urban
6312278001451008,2017-02-13 21:36:32.08364 UTC,TV Shows,new,True,"360,512",225.21101216414795,False,False,False,False,False,False,False,False,True,False,Yes,1,3,1,1,3,Yes,Often (monthly),Very often (weekly),25-30 years old,Male,Urban
6313740437815296,2017-02-15 22:12:13.97314 UTC,Food and Drinks,new,True,"1280,885",1513.5360420984414,False,False,True,False,False,False,False,False,False,False,No,1,3,1,1,3,Yes,Never,Often (monthly),40+ years old,Female,Urban
6323770260193280,2017-02-13 04:01:30.76657 UTC,Food and Drinks,new,True,"1366,638",3862.8559175084592,False,False,True,False,False,False,False,False,True,False,No,1,2,1,1,1,Yes,Very often (weekly),Very often (weekly),25-30 years old,Female,Urban
6331965594664960,2017-02-13 19:41:10.69622 UTC,Air Travel,old,False,"1280,615",4467.592510154467,True,False,True,False,False,False,False,False,True,False,Yes,3,3,2,2,2,Yes,Often (monthly),Very often (weekly),25-30 years old,Female,Urban
6332878812086272,2017-02-18 02:23:23.33067 UTC,Air Travel,new,False,"1165,624",1474.695305414258,True,False,True,False,False,False,False,False,True,False,Yes,3,3,1,3,3,Yes,Often (monthly),Often (monthly),25-30 years old,Female,Rural
6433769472917504,2017-02-15 08:31:31.00683 UTC,Food and Drinks,old,False,"1487,686",2417.3058353950764,True,False,True,False,False,False,False,False,True,False,No,2,3,4,2,3,Yes,Sometimes (every 2-3 months),Often (monthly),31-40 years old,Male,Urban
6478897499602944,2017-02-13 12:50:04.52013 UTC,TV Shows,new,True,"1024,662",8748.974664746249,True,False,True,False,False,False,False,False,True,False,No,3,3,4,4,2,Yes,Often (monthly),Often (monthly),31-40 years old,Male,Urban
6493816605376512,2017-02-13 21:25:21.07783 UTC,Air Travel,new,False,"1418,742",2559.6252667336125,True,False,True,False,False,False,False,False,True,False,Yes,2,3,1,1,3,Yes,Very often (weekly),Sometimes (every 2-3 months),25-30 years old,Female,Urban
6517174248144896,2017-02-13 20:19:42.48067 UTC,TV Shows,new,True,"1366,638",2996.0201012058,True,False,True,False,False,False,False,False,True,False,Yes,1,2,3,1,4,Yes,Rarely (less than twice a year),Sometimes (every 2-3 months),25-30 years old,Male,Urban
6520498015961088,2017-02-13 23:50:12.96824 UTC,Air Travel,old,True,"1600,746",1509.88329680059,True,False,False,False,False,False,False,False,False,False,Yes,3,2,4,3,2,Yes,Never,Sometimes (every 2-3 months),25-30 years old,Female,Urban
6544730758316032,2017-02-15 03:35:28.47079 UTC,Food and Drinks,new,True,"1366,608",2229.091343401105,True,False,True,False,False,False,False,False,True,False,No,1,2,4,1,2,Yes,Rarely (less than twice a year),Rarely (less than twice a year),40+ years old,Male,Urban
6558587933425664,2017-02-14 03:55:06.09985 UTC,Food and Drinks,new,False,"1366,702",2877.706440439475,True,False,True,False,False,False,False,False,True,False,No,4,4,3,5,4,Yes,Rarely (less than twice a year),Rarely (less than twice a year),31-40 years old,Female,Rural
6574506961272832,2017-02-13 23:19:39.39249 UTC,TV Shows,new,True,"1920,930",1891.6073910067594,False,False,False,False,False,False,False,False,True,False,No,1,2,1,1,5,Yes,Rarely (less than twice a year),Often (monthly),31-40 years old,Male,Urban
6583832140578816,2017-02-15 06:32:03.47604 UTC,TV Shows,old,False,"1366,638",718.2991369087537,True,False,True,False,False,False,False,False,True,False,Yes,1,3,2,1,2,Yes,Rarely (less than twice a year),Very often (weekly),25-30 years old,Female,Urban
6587221138210816,2017-02-17 17:26:00.52086 UTC,TV Shows,old,False,"1366,622",4382.851226422093,False,False,True,False,False,False,False,False,True,False,No,2,3,2,2,3,Yes,Often (monthly),Sometimes (every 2-3 months),25-30 years old,Male,Urban
